Durete,Taux de reseaux satisfaits
1,100.0
2,100.0
3,100.0
4,100.0
5,100.0
6,100.0
7,100.0
8,100.0
9,100.0
10,100.0
11,100.0
12,100.0
13,100.0
14,100.0
15,66.66666666666666
16,66.66666666666666
17,0.0
18,0.0
19,0.0
20,0.0
21,0.0
